amplitude_damping,Z1_fidelity,XX_fidelity,XY_fidelity
0.0,0.9999999999999998,0.9999999999999998,0.9999999999999998
0.016666666666666666,0.9889814814814815,0.9916842105263156,0.9889586238958621
0.03333333333333333,0.978148148148148,0.9834042553191488,0.9780578898225956
0.05,0.9674999999999997,0.9751612903225806,0.9672995780590716
0.06666666666666667,0.9570370370370369,0.9669565217391303,0.9566854990583803
0.08333333333333333,0.9467592592592593,0.9587912087912087,0.9462174940898344
0.1,0.9366666666666664,0.9506666666666665,0.9358974358974358
0.11666666666666667,0.9267592592592593,0.9425842696629212,0.9257272293752979
0.13333333333333333,0.9170370370370371,0.9345454545454545,0.9157088122605361
0.15,0.9074999999999998,0.9265517241379307,0.9058441558441557
0.16666666666666666,0.8981481481481479,0.9186046511627904,0.896135265700483
0.18333333333333332,0.8889814814814813,0.9107058823529411,0.8865841824357108
0.2,0.8799999999999998,0.9028571428571429,0.8771929824561401
0.21666666666666667,0.8712037037037036,0.8950602409638554,0.8679637787567301
0.23333333333333334,0.8625925925925925,0.8873170731707316,0.8588987217305801
0.25,0.8541666666666666,0.8796296296296294,0.8499999999999999
0.26666666666666666,0.8459259259259259,0.872,0.8412698412698413
0.2833333333333333,0.8378703703703703,0.8644303797468353,0.8327105132037868
0.3,0.83,0.8569230769230768,0.8243243243243242
0.31666666666666665,0.8223148148148147,0.8494805194805193,0.8161136249371541
0.3333333333333333,0.8148148148148145,0.8421052631578947,0.808080808080808
0.35,0.8075,0.8348000000000001,0.8002283105022832
0.36666666666666664,0.8003703703703703,0.8275675675675674,0.792558613659531
0.3833333333333333,0.7934259259259258,0.8204109589041095,0.785074244751664
0.4,0.7866666666666664,0.8133333333333331,0.7777777777777776
0.4166666666666667,0.7800925925925926,0.806338028169014,0.7706718346253228
0.43333333333333335,0.7737037037037037,0.7994285714285714,0.7637590861889927
0.45,0.7674999999999998,0.792608695652174,0.7570422535211266
0.4666666666666667,0.7614814814814813,0.7858823529411765,0.7505241090146749
0.48333333333333334,0.755648148148148,0.7792537313432835,0.7442074776197999
0.5,0.7499999999999998,0.7727272727272726,0.7380952380952381
0.5166666666666666,0.7445370370370369,0.7663076923076921,0.7321903242955875
0.5333333333333333,0.7392592592592593,0.7599999999999999,0.7264957264957265
0.55,0.7341666666666666,0.7538095238095237,0.7210144927536231
0.5666666666666667,0.7292592592592593,0.747741935483871,0.7157497303128371
0.5833333333333334,0.7245370370370369,0.7418032786885246,0.7107046070460704
0.6,0.72,0.736,0.7058823529411763
0.6166666666666667,0.7156481481481481,0.7303389830508474,0.7012862616310892
0.6333333333333333,0.7114814814814816,0.7248275862068966,0.6969196919691968
0.65,0.7074999999999998,0.7194736842105263,0.692786069651741
0.6666666666666666,0.7037037037037036,0.7142857142857142,0.6888888888888888
0.6833333333333333,0.7000925925925925,0.7092727272727272,0.6852317141261863
0.7,0.6966666666666665,0.7044444444444444,0.6818181818181818
0.7166666666666667,0.6934259259259259,0.699811320754717,0.678652002256063
0.7333333333333333,0.6903703703703704,0.6953846153846154,0.6757369614512472
0.75,0.6874999999999999,0.6911764705882353,0.6730769230769231
0.7666666666666666,0.6848148148148148,0.6871999999999999,0.670675830469645
0.7833333333333333,0.6823148148148147,0.6834693877551021,0.668537708693149
0.8,0.6799999999999999,0.6799999999999999,0.6666666666666665
0.8166666666666667,0.6778703703703703,0.6768085106382979,0.665066899360093
0.8333333333333334,0.6759259259259258,0.6739130434782609,0.6637426900584794
0.85,0.6741666666666667,0.6713333333333333,0.6626984126984127
0.8666666666666667,0.6725925925925926,0.6690909090909091,0.6619385342789598
0.8833333333333333,0.6712037037037036,0.6672093023255813,0.6614676173499703
0.9,0.6699999999999999,0.6657142857142857,0.6612903225806451
0.9166666666666666,0.6689814814814814,0.6646341463414632,0.6614114114114115
0.9333333333333333,0.668148148148148,0.6639999999999999,0.6618357487922705
0.95,0.6675000000000001,0.6638461538461538,0.662568306010929
0.9666666666666667,0.6670370370370369,0.6642105263157895,0.6636141636141635
0.9833333333333333,0.6667592592592593,0.665135135135135,0.6649785144260282
1.0,,0.6666666666666666,0.6666666666666666
