screen_position_m,huygens_fresnel_normalized,fraunhofer_normalized
-0.02,0.002509992037728976,0.002352996542983501
-0.01995,0.0023077504798547305,0.002154706382499751
-0.0199,0.0021103151755508336,0.0019616746759766068
-0.01985,0.001918285813058496,0.00177449287497131
-0.0198,0.0017322553807879307,0.001593744641754263
-0.01975,0.0015528087251918269,0.0014200043696562413
-0.0197,0.001380521010292299,0.00125383571086936
-0.01965,0.0012159562663156072,0.0010957901152446312
-0.0196,0.0010596659044946391,0.000946405383637372
-0.01955,0.0009121872472781069,0.0008062042393519438
-0.0195,0.0007740421278011435,0.0006756929212282219
-0.019450000000000002,0.0006457354284501839,0.0005553598018968722
-0.0194,0.0005277537438856595,0.0004456740347045296
-0.01935,0.00042056397653731677,0.0003470842327780118
-0.0193,0.0003246120368250363,0.00026001718365448
-0.01925,0.0002403215502966171,0.00018487660285530907
-0.019200000000000002,0.00016809260744181004,0.00012204192972345227
-0.01915,0.00010830055513259413,7.186716877785874e-05
-0.0191,6.129484632081296e-05,3.467977976462686e-05
-0.01905,2.7397929790570656e-05,1.0779619502127233e-05
-0.019,6.904193065864012e-06,4.379385274600011e-07
-0.01895,7.896415818834353e-08,3.8964354537235544e-06
-0.0189,7.157573382353783e-06,2.136637184215725e-05
-0.01885,2.834447575832038e-05,5.3027750280345135e-05
-0.0188,6.381243582222816e-05,9.902855823761244e-05
-0.01875,0.00011370178549367198,0.00015948408014153443
-0.0187,0.0001781197445072868,0.00023447627998555908
-0.01865,0.0002571398142793722,0.0003240532566373026
-0.018600000000000002,0.0003508012551278645,0.00042822877386993434
-0.01855,0.0004591086214772703,0.0005469818669866516
-0.0185,0.0005820314008887926,0.0006802565277491315
-0.01845,0.0007195036892046869,0.0008279614691571607
-0.0184,0.0008714240228950746,0.0009899699714572825
-0.01835,0.0010376551818222432,0.0011661198105840493
-0.0183,0.0012180241983684673,0.0013562132700600511
-0.01825,0.0014123223681420116,0.0015600172371967624
-0.0182,0.001620305349609238,0.0017772633842540182
-0.01815,0.0018416934260916799,0.0020076484350246616
-0.0181,0.0020761717373639845,0.002250834517119874
-0.01805,0.0023233906979448038,0.002506449600034939
-0.018000000000000002,0.002582966461730091,0.0027740880188785832
-0.01795,0.0028544814546242656,0.0030533110834504405
-0.0179,0.003137485030023672,0.0033436477721509104
-0.01785,0.0034314942005435733,0.003644595510007472
-0.0178,0.0037359944272445317,0.003955621029900476
-0.017750000000000002,0.004050440518912769,0.0042761613158695125
-0.0177,0.004374257637441367,0.004605624627183212
-0.01765,0.004706842320205177,0.0049433916016532594
-0.0176,0.005047563614491977,0.005288816436477943
-0.01755,0.005395764323199697,0.005641228144703139
-0.0175,0.005750762288235709,0.005999931885195296
-0.01745,0.006111851728125591,0.0063642103638309805
-0.0174,0.0064783046995904765,0.006733325303418832
-0.01735,0.00684937259038802,0.007106518979687345
-0.0173,0.007224287725051825,0.007483015820491489
-0.01725,0.0076022649278136515,0.007862024065216815
-0.0172,0.007982503283644663,0.0082427374811895
-0.01715,0.008364187842692805,0.008624337133737121
-0.0171,0.00874649148688266,0.009005993206385484
-0.01705,0.009128576680310998,0.009386866867526255
-0.017,0.009509597464967986,0.009766112179743262
-0.01695,0.009888701341491096,0.010142878047848712
-0.0169,0.010265031296583281,0.010516310201547996
-0.01685,0.010637727760988121,0.010885553208531053
-0.0168,0.01100593068336635,0.011249752513672294
-0.01675,0.011368781630844219,0.011608056499914234
-0.0167,0.011725425724139617,0.01195961856631584
-0.01665,0.012075013990901417,0.012303599218654208
-0.0166,0.012416705251030303,0.012639168167893945
-0.01655,0.012749668354445867,0.01296550643176628
-0.0165,0.013073084280220778,0.013281808434643156
-0.01645,0.013386148203682051,0.013587284100841857
-0.0164,0.013688071723245964,0.013881160936457642
-0.01635,0.013978084813957575,0.014162686094794614
-0.016300000000000002,0.014255438027810787,0.014431128420446719
-0.01625,0.014519404456714822,0.014685780467076578
-0.0162,0.014769281843000508,0.014925960483943148
-0.01615,0.01500439447065523,0.015151014366246284
-0.0161,0.01522409521529471,0.015360317564383007
-0.016050000000000002,0.015427767413416622,0.015553276947248996
-0.016,0.015614826742831798,0.015729332614768672
-0.01595,0.015784722961203302,0.015887959654897907
-0.0159,0.01593694178113829,0.016028669840416048
-0.01585,0.01607100646135557,0.016151013260907364
-0.0158,0.0161864794569652,0.016254579885426255
-0.01575,0.016282964008332304,0.01633900105144689
-0.0157,0.01636010553411109,0.016403950875813773
-0.01565,0.016417593113581916,0.01644914758353758
-0.0156,0.016455160706116,0.016474354750418196
-0.015550000000000001,0.016472588461700438,0.01647938245562539
-0.0155,0.016469703818121052,0.01646408834052595
-0.01545,0.01644638244854133,0.016428378570214466
-0.0154,0.01640254932849108,0.016372208694383106
-0.015349999999999999,0.01633817951055604,0.01629558440435322
-0.015300000000000001,0.016253298775704722,0.01619856218328796
-0.01525,0.01614798436151473,0.0160812498468104
-0.0152,0.016022365414564876,0.015943806971465368
-0.01515,0.015876623297344676,0.015786445208684472
-0.0151,0.015710992046686873,0.015609428482143271
-0.015050000000000001,0.015525758311345414,0.015413073066635561
-0.015,0.015321261551378145,0.015197747546833045
-0.01495,0.015097893879415776,0.014963872654547704
-0.0149,0.0148560997767681,0.014711920983369287
-0.01485,0.014596375912761585,0.014442416579811098
-0.0148,0.014319270565832857,0.014155934410361478
-0.01475,0.01402538301746359,0.013853099704108907
-0.014700000000000001,0.013715362952480459,0.013534587170880854
-0.01465,0.013389909481369512,0.013201120095113181
-0.0146,0.013049770257169944,0.01285346930594577
-0.01455,0.012695740386038093,0.012492452024320776
-0.014499999999999999,0.012328661176527905,0.012118930588142304
-0.014450000000000001,0.011949418778623105,0.011733811056839757
-0.0144,0.011558942811217303,0.011338041696959946
-0.01435,0.011158204684496355,0.010932611350696859
-0.0143,0.010748215964074352,0.010518547689549322
-0.01425,0.010330026543884478,0.010096915355578094
-0.0142,0.00990472271087891,0.009668813993011652
-0.01415,0.009473425146909084,0.009235376173225692
-0.014100000000000001,0.00903728669848626,0.008797765216393522
-0.01405,0.008597490242645509,0.008357172913372183
-0.014,0.008155246263050408,0.007914817151653123
-0.01395,0.00771179050236154,0.007471939449463454
-0.0139,0.007268381286768993,0.007029802402356882
-0.013850000000000001,0.006826297044901681,0.0065896870468786835
-0.0138,0.006386833554722209,0.006152890146127503
-0.01375,0.00595130118573877,0.005720721402268559
-0.0137,0.005521022008610083,0.005294500601274513
-0.013649999999999999,0.005097326956207895,0.004875554695385558
-0.013600000000000001,0.004681552797556411,0.004465214828983775
-0.01355,0.0042750390959848785,0.004064813313772556
-0.0135,0.0038791252134637126,0.0036756805593356917
-0.01345,0.003495147102810804,0.00329914196532516
-0.0134,0.0031244342119883008,0.002936514781687972
-0.01335,0.0027683062735183706,0.002589104943493882
-0.0133,0.002428070119986773,0.002258203887063387
-0.013250000000000001,0.0021050164304835454,0.0019450853542213743
-0.0132,0.0018004165490144582,0.001651002191614225
-0.01315,0.0015155191963799144,0.001377183152127496
-0.0131,0.0012515472972909618,0.0011248297055264373
-0.013049999999999999,0.0010096947283964428,0.0008951128655132102
-0.013000000000000001,0.0007911231521279499,0.0006891700404513493
-0.01295,0.0005969588210113264,0.0005081019150504848
-0.0129,0.0004282894880315519,0.00035296937033154783
-0.01285,0.0002861612792220681,0.0002247904492052327
-0.012799999999999999,0.000171575676364363,0.00012453737499312155
-0.012750000000000001,8.548653148191981e-05,5.313363020290507e-05
-0.0127,2.879714808407325e-05,1.145110283475886e-05
-0.01265,2.357442211702277e-06,3.073074465858206e-07
-0.0126,6.961167867039715e-06,2.046268814032834e-05
-0.01255,4.3343243850592335e-05,7.261801055061174e-05
-0.0125,0.00011217716563694957,0.00015741184982019456
-0.01245,0.00021407252473123982,0.000275418181434075
-0.012400000000000001,0.00034957262340839504,0.00042714408165628483
-0.01235,0.000519152220390292,0.0006130275441695353
-0.0123,0.0007232153851218377,0.0008334354193590466
-0.01225,0.0009620934747626031,0.0010886614825076648
-0.012199999999999999,0.0012360432710116236,0.0013789246369802504
-0.01215,0.0015452452143214712,0.0017043672582709684
-0.0121,0.0018898018349710072,0.0020650536845694374
-0.01205,0.002269736285644837,0.0024609688592680283
-0.012,0.0026849910589430894,0.0028920171305866246
-0.01195,0.003135426872348842,0.0033580212132311464
-0.0119,0.0036208216907259055,0.003858721316728535
-0.01185,0.004140869931403068,0.004393774444795158
-0.0118,0.004695181888984549,0.004962753869797416
-0.01175,0.00528328324718429,0.005565148786053812
-0.0117,0.005904614870148745,0.006200364145405684
-0.01165,0.0065585327074770055,0.006867720678152599
-0.0116,0.007244307944858063,0.007566455102106188
-0.01155,0.007961127250869908,0.008295720522164497
-0.0115,0.008708093414578628,0.009054587022448489
-0.01145,0.009484225904526829,0.009842042452672596
-0.0114,0.010288461838448405,0.010656993410046983
-0.01135,0.011119657145187723,0.0114982664176221
-0.0113,0.011976587748678024,0.012364609299599653
-0.01125,0.012857951100412112,0.013254692753737102
-0.0112,0.01376236792675311,0.014167112120572693
-0.01115,0.014688384093462797,0.015100389348794386
-0.0111,0.01563447265549896,0.016052975155667643
-0.01105,0.01659903624392107,0.01702325138102877
-0.011,0.01758040948323859,0.018009533532936377
-0.01095,0.018576861669630306,0.019010073522663092
-0.0109,0.019586599613966416,0.020023062586295846
-0.01085,0.020607770861867002,0.02104663438980091
-0.0108,0.021638466695724647,0.022078868314000615
-0.01075,0.02267672568504738,0.023117792915499164
-0.0107,0.02372053728312349,0.02416138955919164
-0.01065,0.024767845553883158,0.025207596217587835
-0.0106,0.02581655314817893,0.02625431143178945
-0.01055,0.02686452539002647,0.027299398428565137
-0.0105,0.027909594379075836,0.02834068938758858
-0.01045,0.02894956359897339,0.029375989852525562
-0.0104,0.02998221237145581,0.030403083279289124
-0.01035,0.031005300482238814,0.03141973571442356
-0.0103,0.03201657302460407,0.03242370059622718
-0.01025,0.03301376522449961,0.03341272367088682
-0.0102,0.0339946076970038,0.0343845480155685
-0.01015,0.034956831316739885,0.03533691916009501
-0.0101,0.035898172624063696,0.03626759029853642
-0.01005,0.03681637896938036,0.0371743275817536
-0.01,0.03770921413245009,0.038054915481657965
-0.00995,0.03857446357668161,0.03890716221769195
-0.009899999999999999,0.03940994004669788,0.03972890523579072
-0.00985,0.04021348910819734,0.040518016729857574
-0.0098,0.04098299478555212,0.041272409195573616
-0.00975,0.04171638511671642,0.04199004100617038
-0.0097,0.042411637818413284,0.042668921999615285
-0.00965,0.0430667859685031,0.04330711906650581
-0.0096,0.043679923643350105,0.04390276172782636
-0.00955,0.04424921140433339,0.044454047691604805
-0.0095,0.044772882064987564,0.044959248377405225
-0.00945,0.04524924622964595,0.04541671439751385
-0.0094,0.045676697570770364,0.04582488098361658
-0.00935,0.046053718581633867,0.04618227334772825
-0.0093,0.04637888575456339,0.046487511966116495
-0.00925,0.046650874894143546,0.04673931777496681
-0.0092,0.04686846630634186,0.04693651726656216
-0.00915,0.04703054988318803,0.04707804747479589
-0.0091,0.04713613010221475,0.047162960838906934
-0.00905,0.04718433073502577,0.04719042993441636
-0.009,0.047174399647398876,0.04715975206035653
-0.00895,0.0471057132917713,0.04707035367201891
-0.0089,0.04697778106419089,0.04692179464860168
-0.00885,0.046790249491137956,0.04671377238531658
-0.0088,0.04654290634147791,0.04644612569971309
-0.008749999999999999,0.04623568429707389,0.046118838542198136
-0.0087,0.045868664682700185,0.045732043500971514
-0.00865,0.04544208071072739,0.045286025091858605
-0.0086,0.04495632095011324,0.04478122282380532
-0.00855,0.044411931866547336,0.04421823403110272
-0.0085,0.043809620936265954,0.04359781646373124
-0.00845,0.04315025875573657,0.0429208906275562
-0.0084,0.042434881422410364,0.04218854186646781
-0.00835,0.04166469242086637,0.04140202217893622
-0.0083,0.04084106423212703,0.040562751761850986
-0.00825,0.03996553979329925,0.03967232027492658
-0.0082,0.03903983341532198,0.03873248781938746
-0.00815,0.03806583184313825,0.03774518562509081
-0.0081,0.03704559444473108,0.03671251644070944
-0.00805,0.035981353624309265,0.03563675462206976
-0.008,0.034875514574812576,0.034520345914233315
-0.00795,0.03373065492736897,0.033365906923410085
-0.007899999999999999,0.03254952397380789,0.032176224275307606
-0.00785,0.031335041539345104,0.030954253457046374
-0.0078,0.030090296669363522,0.029703117340306825
-0.00775,0.028818545905666428,0.028426104383920594
-0.0077,0.027523211213299533,0.0271266665146717
-0.0076500000000000005,0.0262078776415371,0.025808416685634758
-0.007599999999999999,0.02487629059311075,0.024475126111947753
-0.007549999999999999,0.02353235290573918,0.023130721184487137
-0.0075,0.02218012135177364,0.02177928006249492
-0.00745,0.020823803130746988,0.020425028946787344
-0.0074,0.01946775179140054,0.019072338035759178
-0.007350000000000001,0.018116462911417386,0.017725717166984373
-0.007299999999999999,0.01677456954374528,0.016389811147798913
-0.0072499999999999995,0.015446837188564003,0.015069394778838499
-0.0072,0.014138158698338999,0.013769367575085088
-0.00715,0.012853548524915328,0.012494748189559906
-0.0071,0.011598137071226398,0.011250668545375438
-0.007049999999999999,0.010377164453669806,0.010042367682430987
-0.006999999999999999,0.009195974093309103,0.008875185325602618
-0.00695,0.00806000606465709,0.007754555181836112
-0.0069,0.006974790098532018,0.006685997974102575
-0.00685,0.005945938375082096,0.005675114220716241
-0.0068000000000000005,0.0049791380238946355,0.004727576769045207
-0.006749999999999999,0.004080143468613995,0.003849123093164371
-0.006699999999999999,0.003254768424718216,0.0030455473655071866
-0.00665,0.002508877749118934,0.002322692313064697
-0.0066,0.0018483790786251227,0.0016864408691607661
-0.00655,0.0012792142475680055,0.0011427076322939244
-0.006500000000000001,0.0008073505102776782,0.000697430143984285
-0.006449999999999999,0.00043877162146152164,0.00035655999799318386
-0.0063999999999999994,0.00017946874383006716,0.0001260537936947498
-0.00635,3.5431193602746804e-05,1.186394677056826e-05
-0.0063,1.2637064668724636e-05,1.9929370771617864e-05
-0.00625,0.00011704373100079066,0.0001561660434430287
-0.006199999999999999,0.00035457824538573103,0.0004264574720374342
-0.006149999999999999,0.0007311276338774145,0.0008366450721509386
-0.0060999999999999995,0.001252529140271514,0.001392518474900509
-0.00605,0.0019245603767564067,0.0020998057775235453
-0.006,0.0027529294463351987,0.002964163752716867
-0.00595,0.003743265058755877,0.003991168032245838
-0.005899999999999999,0.004901106576341367,0.005186303280540344
-0.005849999999999999,0.00623189410870912,0.006554953374156429
-0.0058,0.0077409585956453066,0.00810239160311681
-0.00575,0.009433511986179643,0.009833770910252048
-0.0057,0.011314637358825845,0.011754114184744506
-0.0056500000000000005,0.013389279253776738,0.01386830462613179
-0.005599999999999999,0.01566223387149391,0.016181076195051814
-0.005549999999999999,0.018138139665693827,0.018697004167009604
-0.0055,0.020821467811021795,0.021420495805416526
-0.00545,0.023716512896440178,0.0243557811700936
-0.0054,0.02682738374132291,0.02750690407734467
-0.005349999999999999,0.030157994486749367,0.030877713227590066
-0.005299999999999999,0.03371205567131914,0.034471853516408295
-0.0052499999999999995,0.03749306568430535,0.038292757544663214
-0.0052,0.041504302325884875,0.04234363734319265
-0.00515,0.0457488146311819,0.046627476327308036
-0.0051,0.050229414949482735,0.051147021496102646
-0.005049999999999999,0.05494867136600044,0.05590477589127863
-0.004999999999999999,0.05990890004915609,0.06090299132989841
-0.0049499999999999995,0.06511215847255321,0.0661436614251278
-0.0049,0.07056023839230251,0.07162851490867775
-0.00485,0.07625465931779414,0.07735900926826143
-0.0048000000000000004,0.08219666260194143,0.08333632471297492
-0.004749999999999999,0.08838720541857571,0.08956135847906654
-0.004699999999999999,0.09482695526624774,0.09603471948810394
-0.00465,0.10151628509990318,0.10275672336906091
-0.0046,0.10845526825247086,0.10972738785533744
-0.00455,0.11564367457197582,0.11694642856720049
-0.0045000000000000005,0.12308096608993868,0.12441325518958089
-0.004449999999999999,0.13076629354584282,0.13212696805459181
-0.004399999999999999,0.1386984935728953,0.14008635513754686
-0.00435,0.1468760856813989,0.14828988947464558
-0.004299999999999998,0.15529727021498912,0.15673572700986968
-0.00425,0.16395992633930564,0.1654217048779938
-0.004199999999999999,0.17286161089752008,0.174345340129958
-0.004150000000000001,0.18199955739310592,0.18350382890617054
-0.0040999999999999995,0.19137067549563902,0.1928940460626427
-0.004049999999999998,0.20097155111134274,0.20251254525413678
-0.004,0.2107984469025709,0.21235555947782672
-0.003949999999999999,0.22084730307441205,0.22241900208023846
-0.0039000000000000007,0.23111373893759998,0.23269846822950616
-0.0038499999999999993,0.2415930547376384,0.24318923685427724
-0.0038000000000000013,0.2522802339790038,0.25388627304981587
-0.00375,0.2631699462731215,0.264784230951161
-0.0036999999999999984,0.27425655055379095,0.2758774570723968
-0.0036500000000000005,0.2855340993596072,0.2871599941103916
-0.003599999999999999,0.2969963420098792,0.29862558521057886
-0.003550000000000001,0.30863673049748935,0.3102676786916074
-0.0034999999999999996,0.3204484238639672,0.3220794332249649
-0.003449999999999998,0.33242429406166435,0.33405372346488904
-0.0034000000000000002,0.34455693215840627,0.3461831461231878
-0.003349999999999999,0.35683865470711584,0.358460026482817
-0.003300000000000001,0.36926151048897393,0.3708764253433425
-0.0032499999999999994,0.38181728849625707,0.3834241463907181
-0.003199999999999998,0.39449752511410374,0.39609474398305156
-0.00315,0.40729351277710085,0.4088795313433766
-0.0030999999999999986,0.4201963082636919,0.42176958914973145
-0.0030500000000000006,0.4331967418989323,0.43475577451216324
-0.002999999999999999,0.4462854271065137,0.4478287303256497
-0.0029500000000000012,0.45945276975551497,0.46097889498722844
-0.0029,0.4726889787665859,0.4741965124650559
-0.0028499999999999984,0.4859840760491079,0.4874716427064417
-0.0028000000000000004,0.4993279078255538,0.5007941723713643
-0.002749999999999999,0.5127101555888716,0.5141538258773676
-0.002700000000000001,0.5261203472035022,0.5275401767411844
-0.0026499999999999996,0.5395478690451984,0.540942659201931
-0.002599999999999998,0.5529819777634536,0.5543505801101627
-0.00255,0.5664118125031249,0.5677531310666404
-0.0024999999999999988,0.579826407575267,0.5811394007941729
-0.002450000000000001,0.593214704820821,0.5944983877254557
-0.0023999999999999994,0.6065655668309675,0.6078190127894633
-0.002349999999999998,0.6198677896745015,0.6210901323785107
-0.0023,0.6331101165491344,0.6343005514778008
-0.0022499999999999985,0.6462812509597772,0.6474390369389214
-0.0022000000000000006,0.6593698701389046,0.6604943308784551
-0.002149999999999999,0.6723646388644589,0.673455164182636
-0.002100000000000001,0.6852542227827383,0.6863102700987004
-0.0020499999999999997,0.6980273031194115,0.6990483978934295
-0.0019999999999999983,0.7106725895672735,0.7116583265591585
-0.0019500000000000003,0.723178834377529,0.7241288785474262
-0.001899999999999999,0.7355348464718469,0.7364489335103105
-0.001850000000000001,0.7477295053120857,0.7486074420294077
-0.0017999999999999995,0.7597517744371549,0.7605934393124051
-0.001749999999999998,0.7715907156166895,0.7723960588371366
-0.0017000000000000001,0.7832355022196935,0.7840045459230769
-0.0016499999999999987,0.7946754330162313,0.7954082712102549
-0.0016000000000000007,0.8058999456955691,0.8065967440256532
-0.0015499999999999993,0.8168986302138536,0.8175596256173043
-0.0014999999999999979,0.8276612419701689,0.8282867422364086
-0.00145,0.8381777147399422,0.8387680980480176
-0.0013999999999999985,0.8484381740397482,0.8489938878510176
-0.0013500000000000005,0.8584329492040187,0.8589545095883978
-0.001299999999999999,0.8681525859167755,0.8686405766290913
-0.0012500000000000011,0.8775878585773123,0.878042929802937
-0.0011999999999999997,0.8867297822274547,0.8871526491707105
-0.0011499999999999982,0.8955696237974564,0.8959610655114842
-0.0011000000000000003,0.9040989138802165,0.9044597715100231
-0.0010499999999999989,0.9123094574363367,0.9126406326273191
-0.0010000000000000009,0.9201933444286038,0.920495797637833
-0.0009499999999999995,0.9277429603163053,0.928017708817506
-0.000899999999999998,0.9349509959389575,0.9351991117670899
-0.0008500000000000001,0.9418104568724576,0.9420330648559074
-0.0007999999999999986,0.9483146728804516,0.9485129482716934
-0.0007500000000000007,0.9544573064302001,0.9546324726627555
-0.0006999999999999992,0.9602323611657492,0.9603856873593173
-0.0006499999999999978,0.9656341896172723,0.9657669881615035
-0.0005999999999999998,0.9706575007750989,0.9707711246821175
-0.0005499999999999984,0.9752973670087187,0.9753932072329908
-0.0005000000000000004,0.9795492304950375,0.9796287132444016
-0.000449999999999999,0.9834089094426965,0.9834734932077577
-0.00040000000000000105,0.9868726033030182,0.986923776132451
-0.0003499999999999996,0.9899368980402874,0.9899761745085496
-0.0002999999999999982,0.9925987705464944,0.9926276887677223
-0.0002500000000000002,0.9948555926196115,0.9948757112355766
-0.0001999999999999988,0.9967051345111545,0.9967180295693502
-0.00015000000000000083,0.9981455678005176,0.9981528296756932
-9.99999999999994e-05,0.999175467934531,0.9991786981040666
-4.999999999999796e-05,0.9997938159716449,0.9997946239120937
0.0,0.9999999999990038,1.0
5.000000000000143e-05,0.9997938159716449,0.9997946239120937
9.99999999999994e-05,0.999175467934531,0.9991786981040666
0.00015000000000000083,0.9981455678005176,0.9981528296756932
0.00020000000000000226,0.9967051345111545,0.9967180295693504
0.0002500000000000002,0.9948555926196115,0.9948757112355766
0.00030000000000000165,0.9925987705464944,0.9926276887677221
0.0003499999999999996,0.9899368980402874,0.9899761745085496
0.00040000000000000105,0.9868726033030182,0.986923776132451
0.000449999999999999,0.9834089094426965,0.9834734932077577
0.0005000000000000004,0.9795492304950375,0.9796287132444016
0.0005500000000000019,0.9752973670087187,0.9753932072329904
0.0005999999999999998,0.9706575007750993,0.9707711246821175
0.0006500000000000013,0.9656341896172723,0.9657669881615033
0.0006999999999999992,0.9602323611657492,0.9603856873593173
0.0007500000000000007,0.9544573064301998,0.9546324726627555
0.0008000000000000021,0.9483146728804516,0.9485129482716931
0.0008500000000000001,0.9418104568724576,0.9420330648559074
0.0009000000000000015,0.9349509959389575,0.9351991117670893
0.0009499999999999995,0.9277429603163053,0.928017708817506
0.0010000000000000009,0.9201933444286038,0.920495797637833
0.0010500000000000023,0.9123094574363367,0.9126406326273186
0.0011000000000000003,0.9040989138802165,0.9044597715100231
0.0011500000000000017,0.8955696237974567,0.8959610655114836
0.0011999999999999997,0.8867297822274547,0.8871526491707105
0.0012500000000000011,0.8775878585773123,0.878042929802937
0.001299999999999999,0.8681525859167755,0.8686405766290913
0.0013500000000000005,0.8584329492040187,0.8589545095883978
0.001400000000000002,0.8484381740397482,0.8489938878510167
0.00145,0.8381777147399423,0.8387680980480176
0.0015000000000000013,0.8276612419701689,0.828286742236408
0.0015499999999999993,0.8168986302138539,0.8175596256173043
0.0016000000000000007,0.8058999456955691,0.8065967440256532
0.0016500000000000022,0.7946754330162313,0.7954082712102541
0.0017000000000000001,0.7832355022196935,0.7840045459230769
0.0017500000000000016,0.7715907156166895,0.7723960588371356
0.0017999999999999995,0.7597517744371549,0.7605934393124051
0.001850000000000001,0.7477295053120854,0.7486074420294077
0.001899999999999999,0.7355348464718469,0.7364489335103105
0.0019500000000000003,0.723178834377529,0.7241288785474262
0.0020000000000000018,0.7106725895672735,0.7116583265591578
0.0020499999999999997,0.6980273031194115,0.6990483978934295
0.002100000000000001,0.6852542227827381,0.6863102700987004
0.002149999999999999,0.6723646388644589,0.673455164182636
0.0022000000000000006,0.6593698701389048,0.6604943308784551
0.002250000000000002,0.6462812509597771,0.6474390369389205
0.0023,0.6331101165491344,0.6343005514778008
0.0023500000000000014,0.6198677896745015,0.6210901323785099
0.0023999999999999994,0.6065655668309676,0.6078190127894633
0.002450000000000001,0.5932147048208211,0.5944983877254557
0.0025000000000000022,0.5798264075752675,0.581139400794172
0.00255,0.5664118125031249,0.5677531310666404
0.0026000000000000016,0.5529819777634536,0.5543505801101618
0.0026499999999999996,0.5395478690451984,0.540942659201931
0.002700000000000001,0.5261203472035024,0.5275401767411844
0.002749999999999999,0.5127101555888716,0.5141538258773676
0.0028000000000000004,0.4993279078255538,0.5007941723713643
0.002850000000000002,0.4859840760491079,0.48747164270644067
0.0029,0.4726889787665859,0.4741965124650559
0.0029500000000000012,0.45945276975551497,0.46097889498722844
0.002999999999999999,0.4462854271065137,0.4478287303256497
0.0030500000000000006,0.4331967418989325,0.43475577451216324
0.003100000000000002,0.4201963082636919,0.42176958914973045
0.00315,0.407293512777101,0.4088795313433766
0.0032000000000000015,0.39449752511410374,0.39609474398305056
0.0032499999999999994,0.38181728849625707,0.3834241463907181
0.003300000000000001,0.36926151048897393,0.3708764253433425
0.0033500000000000023,0.35683865470711584,0.3584600264828162
0.0034000000000000002,0.34455693215840627,0.3461831461231878
0.0034500000000000017,0.33242429406166435,0.33405372346488815
0.0034999999999999996,0.3204484238639672,0.3220794332249649
0.003550000000000001,0.30863673049748935,0.3102676786916074
0.003599999999999999,0.2969963420098791,0.29862558521057886
0.0036500000000000005,0.2855340993596072,0.2871599941103916
0.003700000000000002,0.2742565505537909,0.27587745707239586
0.00375,0.26316994627312157,0.264784230951161
0.0038000000000000013,0.2522802339790038,0.25388627304981587
0.0038499999999999993,0.2415930547376384,0.24318923685427724
0.0039000000000000007,0.23111373893760004,0.23269846822950616
0.003950000000000002,0.22084730307441205,0.22241900208023774
0.004,0.2107984469025709,0.21235555947782672
0.0040500000000000015,0.20097155111134285,0.2025125452541361
0.0040999999999999995,0.19137067549563902,0.1928940460626427
0.004150000000000001,0.18199955739310592,0.18350382890617054
0.004200000000000002,0.17286161089752014,0.17434534012995737
0.00425,0.16395992633930564,0.1654217048779938
0.004300000000000002,0.15529727021498912,0.15673572700986907
0.00435,0.14687608568139884,0.14828988947464558
0.004400000000000001,0.1386984935728953,0.1400863551375467
0.004449999999999999,0.13076629354584282,0.13212696805459181
0.0045000000000000005,0.12308096608993868,0.12441325518958089
0.004550000000000002,0.11564367457197582,0.11694642856720021
0.0046,0.10845526825247091,0.10972738785533744
0.004650000000000001,0.10151628509990314,0.1027567233690607
0.004699999999999999,0.09482695526624778,0.09603471948810394
0.004750000000000001,0.08838720541857571,0.08956135847906635
0.004800000000000002,0.08219666260194143,0.08333632471297478
0.00485,0.07625465931779414,0.07735900926826143
0.004900000000000002,0.07056023839230251,0.07162851490867746
0.0049499999999999995,0.06511215847255321,0.0661436614251278
0.005000000000000001,0.05990890004915613,0.06090299132989823
0.005050000000000002,0.05494867136600044,0.05590477589127838
0.0051,0.050229414949482735,0.051147021496102646
0.005150000000000002,0.04574881463118191,0.04662747632730779
0.0052,0.04150430232588485,0.04234363734319265
0.005250000000000001,0.03749306568430535,0.03829275754466307
0.005299999999999999,0.03371205567131914,0.034471853516408295
0.005350000000000001,0.0301579944879932,0.03087771322758995
0.005400000000000002,0.02682738374132292,0.027506904077344498
0.00545,0.023716512896440205,0.0243557811700936
0.005500000000000001,0.020821467811021795,0.021420495805416422
0.005549999999999999,0.018138139665693824,0.018697004167009604
0.005600000000000001,0.01566223387149391,0.016181076195051727
0.005650000000000002,0.013389279253776748,0.013868304626131712
0.0057,0.011314637358825852,0.011754114184744506
0.005750000000000002,0.009433511986179643,0.009833770910251982
0.0058,0.007740958595645298,0.00810239160311681
0.005850000000000001,0.006231894108709107,0.00655495337415635
0.0059000000000000025,0.004901106576341364,0.0051863032805402765
0.00595,0.003743265058755877,0.003991168032245838
0.006000000000000002,0.0027529294463351926,0.0029641637527168495
0.00605,0.0019245603767564046,0.0020998057775235453
0.006100000000000001,0.0012525291402715147,0.0013925184749004975
0.006149999999999999,0.0007311276338774145,0.0008366450721509386
0.006200000000000001,0.00035457824538573103,0.0004264574720374281
0.006250000000000002,0.00011704373100078944,0.00015616604344301788
0.0063,1.2637064668725196e-05,1.9929370771617864e-05
0.0063500000000000015,3.5431193602747054e-05,1.1863946770570195e-05
0.0063999999999999994,0.0001794687438300653,0.0001260537936947498
0.006450000000000001,0.00043877162146152267,0.0003565599979931992
0.006500000000000002,0.0008073505102776775,0.0006974301439842991
0.00655,0.0012792142475680055,0.0011427076322939244
0.006600000000000002,0.0018483790786251227,0.0016864408691607976
0.00665,0.0025088777491189315,0.002322692313064697
0.006700000000000001,0.003254768424718216,0.0030455473655072135
0.0067500000000000025,0.004080143468613991,0.003849123093164446
0.0068000000000000005,0.00497913802389463,0.004727576769045207
0.006850000000000002,0.005945938375082096,0.005675114220716293
0.0069,0.0069747900985320105,0.006685997974102575
0.006950000000000001,0.00806000606465709,0.007754555181836151
0.006999999999999999,0.009195974093309103,0.008875185325602618
0.007050000000000001,0.01037716445366981,0.01004236768243103
0.007100000000000002,0.011598137071226393,0.011250668545375458
0.00715,0.012853548524915335,0.012494748189559906
0.0072000000000000015,0.014138158698338999,0.013769367575085114
0.0072499999999999995,0.015446837188564,0.015069394778838499
0.007300000000000001,0.016774569543745264,0.01638981114779897
0.007350000000000002,0.018116462911417393,0.017725717166984418
0.0074,0.019467751791400537,0.019072338035759178
0.007450000000000002,0.020823803130746988,0.020425028946787386
0.0075,0.02218012135177362,0.02177928006249492
0.007550000000000001,0.02353235290573919,0.02313072118448716
0.007600000000000003,0.02487629059311077,0.024475126111947822
0.0076500000000000005,0.02620787764153709,0.025808416685634758
0.007700000000000002,0.027523211213299533,0.02712666651467172
0.00775,0.028818545905666418,0.028426104383920594
0.007800000000000001,0.030090296669363522,0.02970311734030689
0.00785,0.031335041539345104,0.030954253457046374
0.0079,0.03254952397380792,0.03217622427530762
0.007950000000000002,0.03373065492736898,0.03336590692341011
0.008,0.034875514574812576,0.034520345914233315
0.008050000000000002,0.035981353624309265,0.035636754622069805
0.0081,0.03704559444473108,0.03671251644070944
0.008150000000000001,0.038065831843837404,0.037745185625090855
0.008200000000000002,0.03903983341532197,0.03873248781938746
0.00825,0.039965539793299226,0.03967232027492658
0.008300000000000002,0.04084106423212705,0.040562751761851014
0.00835,0.04166469242086636,0.04140202217893622
0.008400000000000001,0.04243488142241035,0.04218854186646784
0.008450000000000003,0.04315025875573657,0.04292089062755625
0.0085,0.04380962093626594,0.04359781646373124
0.008550000000000002,0.044411931866547336,0.04421823403110274
0.0086,0.04495632095011324,0.04478122282380532
0.008650000000000001,0.04544208071072739,0.04528602509185863
0.0087,0.045868664682700185,0.045732043500971514
0.00875,0.04623568429707389,0.04611883854219815
0.008800000000000002,0.04654290634147794,0.046446125699713105
0.00885,0.04679024949113795,0.04671377238531658
0.008900000000000002,0.046977781064190906,0.04692179464860168
0.00895,0.04710571329177131,0.04707035367201891
0.009000000000000001,0.04717439964739891,0.04715975206035653
0.009050000000000002,0.04718433073502577,0.04719042993441635
0.0091,0.04713613010221476,0.047162960838906934
0.009150000000000002,0.04703054988475511,0.047078047474795874
0.0092,0.04686846630634186,0.04693651726656216
0.009250000000000001,0.04665087489414353,0.046739317774966795
0.009300000000000003,0.04637888575456337,0.04648751196611647
0.00935,0.04605371858163388,0.04618227334772825
0.009400000000000002,0.045676697570770364,0.04582488098361656
0.00945,0.04524924622964591,0.04541671439751385
0.009500000000000001,0.044772882063594976,0.0449592483774052
0.00955,0.04424921140433339,0.044454047691604805
0.009600000000000001,0.043679923643350105,0.04390276172782633
0.009650000000000002,0.04306678596850312,0.0433071190665058
0.0097,0.042411637818413284,0.042668921999615285
0.009750000000000002,0.041716385116716395,0.04199004100617036
0.0098,0.04098299478555213,0.041272409195573616
0.009850000000000001,0.04021348910884314,0.04051801672985754
0.009900000000000003,0.03940994004669788,0.0397289052357907
0.00995,0.03857446357668161,0.03890716221769195
0.010000000000000002,0.03770921413245009,0.03805491548165793
0.01005,0.03681637896938036,0.0371743275817536
0.010100000000000001,0.03589817262387486,0.03626759029853638
0.01015,0.03495683131673988,0.03533691916009501
0.0102,0.03399460769700381,0.0343845480155685
0.010250000000000002,0.0330137652244996,0.03341272367088675
0.0103,0.032016573024604054,0.03242370059622718
0.010350000000000002,0.031005300482238804,0.03141973571442349
0.0104,0.0299822123714558,0.030403083279289124
0.010450000000000001,0.02894956359897341,0.029375989852525486
0.010500000000000002,0.027909594379075836,0.02834068938758851
0.01055,0.02686452539002647,0.027299398428565137
0.010600000000000002,0.02581655314817891,0.026254311431789416
0.01065,0.024767845553883165,0.025207596217587835
0.010700000000000001,0.02372053728377996,0.024161389559191605
0.010750000000000003,0.02267672568504738,0.02311779291549913
0.0108,0.021638466695724657,0.022078868314000615
0.010850000000000002,0.02060777085978973,0.021046634389800867
0.0109,0.019586599613966416,0.020023062586295846
0.010950000000000001,0.0185768616696303,0.019010073522663092
0.011,0.0175804094832386,0.018009533532936377
0.01105,0.016599036243921082,0.01702325138102877
0.011100000000000002,0.015634472655498964,0.016052975155667643
0.01115,0.014688384093462792,0.015100389348794386
0.011200000000000002,0.013762367926753102,0.01416711212057266
0.01125,0.012857951100412109,0.013254692753737102
0.011300000000000001,0.01197658774867802,0.01236460929959962
0.011350000000000002,0.011119657145187726,0.011498266417622067
0.011400000000000004,0.010288461838448408,0.010656993410046955
0.011449999999999998,0.009484225904526829,0.009842042452672627
0.0115,0.008708093414578628,0.009054587022448489
0.011550000000000001,0.0079611272508699,0.008295720522164469
0.011600000000000003,0.007244307944858075,0.007566455102106135
0.011650000000000004,0.006558532707477008,0.006867720678152525
0.011699999999999999,0.005904614870148745,0.006200364145405684
0.01175,0.005283283247184294,0.005565148786053812
0.011800000000000001,0.004695181888984549,0.004962753869797394
0.011850000000000003,0.004140869931403067,0.00439377444479512
0.011900000000000004,0.0036208216907259025,0.003858721316728517
0.011949999999999999,0.0031354268723488396,0.0033580212132311633
0.012,0.002684991058943092,0.0028920171305866246
0.012050000000000002,0.002269736285644834,0.002460968859268014
0.012100000000000003,0.0018898018349710066,0.0020650536845694236
0.012150000000000005,0.0015452452143214683,0.0017043672582709312
0.012199999999999999,0.0012360432710116212,0.0013789246369802504
0.01225,0.0009620934747626039,0.0010886614825076648
0.012300000000000002,0.000723215385121839,0.0008334354193590296
0.012350000000000003,0.0005191522203902925,0.0006130275441695208
0.012399999999999998,0.0003495726234083947,0.00042714408165629074
0.01245,0.00021407252473124098,0.000275418181434075
0.0125,0.00011217716563695061,0.00015741184982019456
0.012550000000000002,4.334324385059252e-05,7.261801055061174e-05
0.012600000000000004,6.961167867039818e-06,2.0462688140324483e-05
0.012649999999999998,2.3574422156922538e-06,3.073074465859775e-07
0.0127,2.879714808407351e-05,1.145110283475886e-05
0.012750000000000001,8.548653148192007e-05,5.313363020290507e-05
0.012800000000000002,0.0001715756763643627,0.00012453737499312456
0.012850000000000004,0.0002861612792336492,0.00022479044920523683
0.012899999999999998,0.0004282894880315501,0.00035296937033154284
0.01295,0.0005969588210113275,0.0005081019150504848
0.013000000000000001,0.0007911231521279512,0.0006891700404513493
0.013050000000000003,0.0010096947283964436,0.0008951128655132179
0.013100000000000004,0.0012515472972909583,0.0011248297055264458
0.013149999999999998,0.0015155191963799118,0.0013771831521274867
0.0132,0.0018004165490144613,0.001651002191614225
0.013250000000000001,0.0021050164304835394,0.0019450853542213743
0.013300000000000003,0.0024280701199867697,0.0022582038870634204
0.013350000000000004,0.002768306273744304,0.0025891049434939063
0.013399999999999999,0.0031244342119883042,0.002936514781687959
0.01345,0.003495147102810808,0.00329914196532516
0.013500000000000002,0.0038791252134637174,0.003675680559335719
0.013550000000000003,0.00427503909598488,0.004064813313772556
0.013600000000000004,0.004681552797556411,0.004465214828983788
0.013649999999999999,0.0050973269562079,0.004875554695385558
0.0137,0.00552102200861008,0.005294500601274513
0.013750000000000002,0.005951301185738765,0.005720721402268559
0.013800000000000003,0.006386833554722209,0.006152890146127536
0.013850000000000005,0.0068262970449016755,0.006589687046878717
0.0139,0.007268381286768996,0.007029802402356882
0.01395,0.007711790502361531,0.007471939449463454
0.014000000000000002,0.008155246263050399,0.007914817151653123
0.014050000000000003,0.008597490243117373,0.008357172913372232
0.014099999999999998,0.00903728669848626,0.00879776521639349
0.01415,0.009473425146909084,0.009235376173225692
0.0142,0.0099047227108789,0.009668813993011652
0.014250000000000002,0.010330026543884478,0.010096915355578108
0.014300000000000004,0.010748215964074359,0.010518547689549363
0.014349999999999998,0.011158204684496359,0.010932611350696831
0.0144,0.011558942811217297,0.011338041696959946
0.014450000000000001,0.011949418778623096,0.011733811056839757
0.014500000000000002,0.012328661176527905,0.012118930588142316
0.014550000000000004,0.012695740385577916,0.012492452024320791
0.014599999999999998,0.013049770257169937,0.01285346930594577
0.01465,0.01338990948136951,0.013201120095113181
0.014700000000000001,0.013715362952480445,0.013534587170880854
0.014750000000000003,0.014025383016602107,0.013853099704108938
0.014800000000000004,0.014319270565832855,0.014155934410361509
0.014849999999999999,0.01459637591276159,0.014442416579811098
0.0149,0.01485609977676808,0.014711920983369287
0.014950000000000001,0.015097893879415783,0.014963872654547704
0.015000000000000003,0.01532126155227614,0.015197747546833052
0.015050000000000004,0.015525758311345426,0.015413073066635575
0.015099999999999999,0.015710992046686866,0.015609428482143254
0.01515,0.015876623297344662,0.015786445208684472
0.015200000000000002,0.016022365414564872,0.015943806971465375
0.015250000000000003,0.016147984361514715,0.016081249846810405
0.015300000000000005,0.016253298775704722,0.01619856218328797
0.015349999999999999,0.016338179510556043,0.01629558440435322
0.0154,0.016402549328491067,0.016372208694383106
0.015450000000000002,0.01644638244854133,0.016428378570214466
0.015500000000000003,0.016469703818121045,0.01646408834052595
0.015549999999999998,0.016472588461986515,0.01647938245562539
0.0156,0.016455160706115995,0.016474354750418196
0.01565,0.016417593113581905,0.01644914758353758
0.015700000000000002,0.01636010553411109,0.016403950875813773
0.015750000000000004,0.016282964008332304,0.01633900105144689
0.015799999999999998,0.016186479456965195,0.01625457988542626
0.01585,0.01607100646135557,0.016151013260907364
0.0159,0.015936941781138275,0.016028669840416048
0.015950000000000002,0.0157847229612033,0.0158879596548979
0.016000000000000004,0.015614826742831798,0.015729332614768665
0.01605,0.015427767413416622,0.015553276947249003
0.0161,0.01522409521529471,0.015360317564383007
0.01615,0.015004394470655226,0.015151014366246284
0.016200000000000003,0.014769281843000517,0.014925960483943148
0.016250000000000004,0.014519404455848183,0.01468578046707656
0.0163,0.014255438027810787,0.014431128420446733
0.01635,0.013978084813957597,0.014162686094794614
0.0164,0.013688071723245975,0.013881160936457642
0.016450000000000003,0.013386148203682042,0.013587284100841835
0.016500000000000004,0.013073084279626841,0.013281808434643133
0.01655,0.012749668354445867,0.01296550643176628
0.0166,0.012416705251030303,0.012639168167893945
0.01665,0.012075013990901414,0.012303599218654208
0.016700000000000003,0.011725425724139617,0.011959618566315815
0.016750000000000004,0.011368781630844215,0.011608056499914234
0.0168,0.01100593068336635,0.011249752513672294
0.01685,0.010637727760988121,0.010885553208531053
0.016900000000000002,0.010265031296583281,0.010516310201547965
0.016950000000000003,0.009888701341491092,0.010142878047848686
0.017000000000000005,0.009509597464967986,0.009766112179743262
0.01705,0.009128576680310993,0.009386866867526255
0.0171,0.00874649148688266,0.009005993206385484
0.017150000000000002,0.008364187842718711,0.008624337133737121
0.017200000000000003,0.007982503283422954,0.00824273748118947
0.017249999999999998,0.007602264927813655,0.007862024065216815
0.0173,0.007224287725051825,0.007483015820491489
0.01735,0.00684937259038802,0.007106518979687345
0.017400000000000002,0.006478304699590471,0.006733325303418804
0.017450000000000004,0.006111851728125591,0.0063642103638309536
0.017499999999999998,0.005750762288235702,0.005999931885195296
0.01755,0.005395764323199694,0.005641228144703139
0.0176,0.005047563614491977,0.005288816436477943
0.017650000000000002,0.0047068423202051715,0.004943391601653236
0.017700000000000004,0.004374257637202131,0.004605624627183164
0.01775,0.004050440518912772,0.004276161315869536
0.0178,0.0037359944272445317,0.003955621029900476
0.01785,0.003431494200543576,0.003644595510007472
0.017900000000000003,0.0031374850300236743,0.0033436477721508905
0.017950000000000004,0.0028544814546242704,0.0030533110834504197
0.018,0.0025829664617300916,0.002774088018878603
0.01805,0.0023233906979448038,0.002506449600034939
0.0181,0.0020761717373639866,0.002250834517119874
0.018150000000000003,0.0018416934260916792,0.0020076484350246447
0.018200000000000004,0.0016203053496172408,0.001777263384254002
0.01825,0.0014123223681420138,0.0015600172371967624
0.0183,0.0012180241983684682,0.0013562132700600511
0.01835,0.0010376551818222432,0.0011661198105840493
0.018400000000000003,0.0008714240226585574,0.0009899699714572704
0.018450000000000005,0.0007195036892046865,0.0008279614691571607
0.0185,0.0005820314008887928,0.0006802565277491315
0.01855,0.0004591086214772703,0.0005469818669866516
0.018600000000000002,0.00035080125512786266,0.00042822877386993434
0.018650000000000003,0.0002571398142793733,0.0003240532566373026
0.018700000000000005,0.00017811974450728692,0.00023447627998555312
0.01875,0.0001137017854936723,0.00015948408014153443
0.0188,6.381243582222781e-05,9.902855823761244e-05
0.018850000000000002,2.834447575832029e-05,5.302775028034237e-05
0.018900000000000004,7.157573391318502e-06,2.13663718421555e-05
0.018949999999999998,7.896415818832427e-08,3.896435453724303e-06
0.019,6.904193065864056e-06,4.379385274600011e-07
0.01905,2.7397929790570554e-05,1.0779619502127233e-05
0.019100000000000002,6.129484632081277e-05,3.467977976462905e-05
0.019150000000000004,0.00010830055507717502,7.186716877786188e-05
0.0192,0.00016809260744181097,0.0001220419297234482
0.01925,0.00024032155029661862,0.00018487660285530907
0.0193,0.0003246120368250373,0.00026001718365448
0.019350000000000003,0.00042056397653731715,0.0003470842327780118
0.019400000000000004,0.0005277537438856607,0.0004456740347045369
0.01945,0.0006457354284501837,0.0005553598018968639
0.0195,0.0007740421278011428,0.0006756929212282219
0.01955,0.0009121872472781063,0.0008062042393519438
0.019600000000000003,0.0010596659044946393,0.000946405383637372
0.019650000000000004,0.0012159562664608274,0.0010957901152446312
0.0197,0.001380521010292297,0.00125383571086936
0.01975,0.0015528087251918275,0.0014200043696562413
0.0198,0.0017322553807879314,0.001593744641754263
0.019850000000000003,0.0019182858130585,0.0017744928749713234
0.019900000000000004,0.0021103151755508336,0.0019616746759766337
0.01995,0.0023077504798547283,0.002154706382499751
0.02,0.002509992037728976,0.002352996542983501
