case_id,momentum_index,central_band_1,central_band_2
1240,0,-0.010764336,0.01076434
1240,1,-0.013757646,0.013480725
1240,2,-0.015575099,0.015036524
1240,3,-0.016102841,0.015515106
1240,4,-0.015854338,0.015496137
1240,5,-0.015520454,0.015527356
1240,6,-0.015284963,0.014872708
1240,7,-0.01437115,0.01355468
1240,8,-0.013221788,0.012068404
1240,9,-0.012262405,0.010906494
1240,10,-0.011674118,0.010293435
1240,11,-0.014915611,0.014149853
1240,12,-0.016246866,0.015883062
1240,13,-0.015678417,0.015482869
1240,14,-0.013654056,0.013582703
1240,15,-0.010764336,0.01076434
