noise_type,noise_rate,F_cond,P_succ,T
AD,0.0,1.0,0.33083333333333337,0.33083333333333337
AD,0.25,0.8685715450735026,0.286,0.24833333333333332
AD,0.5,0.7640488232652768,0.23450000000000001,0.17916666666666667
AD,0.75,0.7180325457598774,0.18683333333333332,0.13416666666666666
AD,1.0,0.7391316015457278,0.1365,0.10083333333333333
PD,0.0,1.0,0.32916666666666666,0.32916666666666666
PD,0.25,0.9066796350897911,0.3113333333333333,0.2826666666666667
PD,0.5,0.8240685351353347,0.30183333333333334,0.24916666666666668
PD,0.75,0.7905376690420911,0.2753333333333334,0.21833333333333335
PD,1.0,0.7346808657292527,0.24816666666666665,0.18233333333333335
